datetime_gmt8,league,home,away,recommendation,odds,ev,prompt_used,model,agreement,insight,reasoning,sources,parsed_tweet
2025-11-01 22:00:00,Italy Serie A,Udinese,Atalanta,Udinese +0.75,1.925,0.05258462391354274,"Analyze betting recommendation: Udinese +0.75 @ 1.93 odds, EV 0.05. Match: Udinese vs Atalanta (Italy Serie A) on 2025-11-01 22:00:00. Consider: recent form, injuries, team motivation, manager situations. Provide structured analysis with agreement/disagreement.",grok-4-fast-reasoning,Agree,Agree: Udinese's home resilience meets Atalanta's transitional wobbles—recent draws and scoring droughts tip the scales for +0.75 cover in a tactical stalemate.,"Udinese boast a solid home record with few heavy defeats, while Atalanta's form has faltered post-Gasperini, showing predictability and poor finishing in recent draws. Motivation high for Udinese to climb mid-table; tactical man-marking favors hosts against Atalanta's high press. Stats suggest tight affair, under 2.5 goals likely.","Sportskeeda Udinese vs Atalanta Prediction, Playmakerstats Preview, Tips.gg Serie A Analysis",Agree: Udinese's home resilience meets Atalanta's transitional wobbles—recent draws and scoring droughts tip the scales for +0.75 cover in a tactical stalemate.
2025-11-01 22:30:00,Germany Bundesliga,Heidenheim,Eintracht Frankfurt,Heidenheim +0.75,1.925,0.0665432534987587,"Analyze betting recommendation: Heidenheim +0.75 @ 1.93 odds, EV 0.07. Match: Heidenheim vs Eintracht Frankfurt (Germany Bundesliga) on 2025-11-01 22:30:00. Consider: recent form, injuries, team motivation, manager situations. Provide structured analysis with agreement/disagreement.",grok-4-fast-reasoning,Agree,"Agree: Heidenheim's home resilience and Frankfurt's road wobbles create handicap value, with stats showing tight affairs in similar spots—underdogs bite back.","Heidenheim's relegation fight fuels high motivation at Voith-Arena, where they've drawn tough games lately; Frankfurt chases Europe but concedes on counters away. Tactical matchup favors Heidenheim's compact setup against Frankfurt's open style, per recent trends—EV edges positive on +0.75.","https://www.sportskeeda.com/football/heidenheim-vs-eintracht-frankfurt-prediction-betting-tips-november-1st-2025, https://bulinews.com/heidenheim-eintracht-frankfurt-preview-relegation-fight-meets-european-chase-voith-arena, https://www.whoscored.com/matches/1910716/preview/germany-bundesliga-2025-2026-fc-heidenheim-eintracht-frankfurt","Agree: Heidenheim's home resilience and Frankfurt's road wobbles create handicap value, with stats showing tight affairs in similar spots—underdogs bite back."
2025-11-01 23:00:00,England Premier League,Burnley,Arsenal,Burnley +1.5,1.925,0.20471807554187504,"Analyze betting recommendation: Burnley +1.5 @ 1.93 odds, EV 0.20. Match: Burnley vs Arsenal (England Premier League) on 2025-11-01 23:00:00. Consider: recent form, injuries, team motivation, manager situations. Provide structured analysis with agreement/disagreement.",grok-4-fast-reasoning,Disagree,"Disagree: Arsenal's ruthless 9-game win streak and 2.3 goals-per-game average away overwhelm Burnley's fragile defense, despite their recent survival spark—expect Gunners to ecl...","Arsenal lead the league with unbeaten form, averaging 2.5 goals in recent aways, while Burnley's two wins mask a porous backline conceding 1.8 per game. Arteta's fluid attack exploits Parker's setup; motivation peaks for title-chasers, tilting odds against the handicap holding.","Sports Mole Preview: Burnley vs Arsenal, BBC Sport Match Guide, WhoScored Statistical Preview","Disagree: Arsenal's ruthless 9-game win streak and 2.3 goals-per-game average away overwhelm Burnley's fragile defense, despite their recent survival spark—expect Gunners to ecl..."
2025-11-01 23:00:00,England Premier League,Fulham,Wolverhampton Wanderers,Wolverhampton Wanderers +0.75,1.925,0.177591161978778,"Analyze betting recommendation: Wolverhampton Wanderers +0.75 @ 1.93 odds, EV 0.18. Match: Fulham vs Wolverhampton Wanderers (England Premier League) on 2025-11-01 23:00:00. Consider: recent form, injuries, team motivation, manager situations. Provide structured analysis with agreement/disagreement.",grok-4-fast-reasoning,Disagree,Disagree: Wolves' winless streak and defensive woes make +0.75 a trap; Fulham's home edge and tactical press should yield a narrow win in this relegation scrap.,"Wolves sit bottom with 2 points from 9 games, conceding freely, while Fulham's recent home form (unbeaten in last 3) and motivation under Silva tilt the matchup. Tactical compactness favors hosts in a low-scoring affair, eroding value in Wolves covering the handicap.","Sports Mole preview: Fulham vs Wolves, BetMines match analysis: Fulham vs Wolverhampton Wanderers",Disagree: Wolves' winless streak and defensive woes make +0.75 a trap; Fulham's home edge and tactical press should yield a narrow win in this relegation scrap.
2025-11-01 23:00:00,England Premier League,Crystal Palace,Brentford,Brentford +0.75,1.925,0.09836395894535138,"Analyze betting recommendation: Brentford +0.75 @ 1.93 odds, EV 0.10. Match: Crystal Palace vs Brentford (England Premier League) on 2025-11-01 23:00:00. Consider: recent form, injuries, team motivation, manager situations. Provide structured analysis with agreement/disagreement.",grok-4-fast-reasoning,Agree,"Agree: Brentford's counter-punch prowess exploits Palace's recent defensive wobbles, with H2H trends favoring Bees in tight London derbies—value in +0.75 as Palace chases shadow...","Brentford's three wins in last five contrast Palace's winless streak in three, including Arsenal loss; tactical edge to Bees' transitions vs Palace's high line. Both at 13 points, motivation high for mid-table scrap, but stats show 14 goals in prior five H2H with no clean sheets.","Sports Mole preview, WhoScored statistical preview, Scores24 prediction","Agree: Brentford's counter-punch prowess exploits Palace's recent defensive wobbles, with H2H trends favoring Bees in tight London derbies—value in +0.75 as Palace chases shadow..."
2025-11-02 00:00:00,France Ligue 1,PSG,Nice,Nice +2.0,1.925,0.3410583601033409,"Analyze betting recommendation: Nice +2.0 @ 1.93 odds, EV 0.34. Match: PSG vs Nice (France Ligue 1) on 2025-11-02 00:00:00. Consider: recent form, injuries, team motivation, manager situations. Provide structured analysis with agreement/disagreement.",grok-4-fast-reasoning,Agree,"Agree: PSG's high-possession style meets Nice's organized counter-threat, where recent draws and BTTS trends (8/9 for Nice) suggest a narrow win at best, not a rout.","PSG lead Ligue 1 with 21 points but drew last outing, showing vulnerability; Nice's 17 points and efficiency on counters (BTTS in 8/9) exploit PSG's occasional wastefulness. Motivation high for both, but tactical setup favors close contest over blowout.","khelnow.com PSG vs Nice preview, sportskeeda.com prediction, telecomasia.net match analysis","Agree: PSG's high-possession style meets Nice's organized counter-threat, where recent draws and BTTS trends (8/9 for Nice) suggest a narrow win at best, not a rout."
2025-11-02 01:00:00,Italy Serie A,Napoli,Como,Napoli -0.75,1.925,0.2012018262341123,"Analyze betting recommendation: Napoli -0.75 @ 1.93 odds, EV 0.20. Match: Napoli vs Como (Italy Serie A) on 2025-11-02 01:00:00. Consider: recent form, injuries, team motivation, manager situations. Provide structured analysis with agreement/disagreement.",grok-4-fast-reasoning,Agree,"Agree: Napoli's elite home xG (2.1/game) and Como's road woes (1.2 xGA) scream value; Conte's tactical edge turns this into a regal rout, not a peasant's draw.","Napoli tops Serie A with 21 points, unbeaten in 8 (7W,1D,20GF), boasting Serie A's best defense (0.83 xGA away but stronger home). Como's 5th but vulnerable away (ups/downs), recent 3-1 win masks poor H2H (Napoli 3-1 last). Conte's motivation high to hold lead; Fabregas' setup exposed vs top sides. -0.75 fits 2-0/3-1 script.","Sports Mole preview, WhoScored statistical preview, FootballPredictions.com","Agree: Napoli's elite home xG (2.1/game) and Como's road woes (1.2 xGA) scream value; Conte's tactical edge turns this into a regal rout, not a peasant's draw."
2025-11-02 01:30:00,England Premier League,Tottenham Hotspur,Chelsea,Chelsea -0.0,1.925,0.15735112255811753,"Analyze betting recommendation: Chelsea -0.0 @ 1.93 odds, EV 0.16. Match: Tottenham Hotspur vs Chelsea (England Premier League) on 2025-11-02 01:30:00. Consider: recent form, injuries, team motivation, manager situations. Provide structured analysis with agreement/disagreement.",grok-4-fast-reasoning,Agree,"Agree: Chelsea's robust away form and midfield dominance should neutralize Spurs' high press, turning this derby into a low-risk draw or win for the Blues at even money.","Chelsea's unbeaten run in recent derbies and superior possession stats (58% avg) exploit Tottenham's home offensive woes (1.2 goals/game). Maresca's tactical flexibility counters Postecoglou's aggressive 5-3-2, with high motivation post-midweek for both, but Blues' depth edges it. EV justifies the lay.","Sports Mole preview, The Athletic tactical matchup, Football London prediction","Agree: Chelsea's robust away form and midfield dominance should neutralize Spurs' high press, turning this derby into a low-risk draw or win for the Blues at even money."
2025-11-02 01:30:00,Germany Bundesliga,Bayern München,Bayer Leverkusen,Bayer Leverkusen +2.0,1.925,0.39230500097112786,"Analyze betting recommendation: Bayer Leverkusen +2.0 @ 1.93 odds, EV 0.39. Match: Bayern München vs Bayer Leverkusen (Germany Bundesliga) on 2025-11-02 01:30:00. Consider: recent form, injuries, team motivation, manager situations. Provide structured analysis with agreement/disagreement.",grok-4-fast-reasoning,Agree,"Agree: Leverkusen's four-game win streak under Hjulmand meets Bayern's perfect record in a tactical chess match; +2.0 offers value as recent H2Hs stay tight, with Die Werkself's...","Bayern leads the Bundesliga with a flawless start, boasting superior xG and possession stats, but Leverkusen's revitalized form post-manager change shows resilience in transitions. Tactical matchup favors Bayern's press, yet Leverkusen's motivation to close the gap ensures a competitive scoreline under 2-goal margin. Historical trends support close contests.","Sportskeeda Bayern vs Bayer Prediction, FCBayern Stats Ahead of Match, OneFootball Preview Squad News","Agree: Leverkusen's four-game win streak under Hjulmand meets Bayern's perfect record in a tactical chess match; +2.0 offers value as recent H2Hs stay tight, with Die Werkself's..."
2025-11-02 02:00:00,France Ligue 1,Monaco,Paris,Monaco -0.75,1.925,0.050680746320623415,"Analyze betting recommendation: Monaco -0.75 @ 1.93 odds, EV 0.05. Match: Monaco vs Paris (France Ligue 1) on 2025-11-02 02:00:00. Consider: recent form, injuries, team motivation, manager situations. Provide structured analysis with agreement/disagreement.",grok-4-fast-reasoning,Agree,Agree: Monaco's ruthless home form and second-place hunger trump Paris FC's survival scrap; expect a 2+ goal edge in this Ligue 1 tilt.,"Monaco sit second, unbeaten in recent outings with a potent attack averaging 2.1 goals per game, while Paris FC languish mid-table, winless in five. Tactical edge lies in Monaco's high press overwhelming Paris' leaky defense. Motivation peaks for title chasers vs relegation battlers.","Sports Mole Preview: Monaco vs Paris FC, Sportskeeda Prediction: Monaco vs Paris FC November 1st 2025, Playmakerstats PREVIEW | Monaco vs Paris FC",Agree: Monaco's ruthless home form and second-place hunger trump Paris FC's survival scrap; expect a 2+ goal edge in this Ligue 1 tilt.
2025-11-02 04:00:00,Spain La Liga,Real Madrid,Valencia CF,Valencia CF +2.0,1.925,0.23791940459424943,"Analyze betting recommendation: Valencia CF +2.0 @ 1.93 odds, EV 0.24. Match: Real Madrid vs Valencia CF (Spain La Liga) on 2025-11-02 04:00:00. Consider: recent form, injuries, team motivation, manager situations. Provide structured analysis with agreement/disagreement.",grok-4-fast-reasoning,Disagree,"Disagree: Real Madrid's blistering form (9 wins in 10) and home dominance clash with Valencia's relegation scrap, likely yielding a multi-goal margin in a tactical mismatch favo...","Real Madrid tops La Liga with potent attack, averaging 2.5 goals per game at home, while Valencia concedes freely in poor form (winless in 5). Motivation high post-El Clasico; Valencia's defensive setup may frustrate but not contain Madrid's transitions long enough for +2.0 cover.","Goal.com Preview, Sports Mole Prediction, Managing Madrid Squad News","Disagree: Real Madrid's blistering form (9 wins in 10) and home dominance clash with Valencia's relegation scrap, likely yielding a multi-goal margin in a tactical mismatch favo..."
